{"cameraMode":{"drawMode":0,"name":"Shaded","section":"Shading Mode"},"sceneLighting":true,"audioPlay":false,"sceneViewState":{"m_AlwaysRefresh":false,"showFog":true,"showSkybox":true,"showFlares":true,"showImageEffects":true,"showParticleSystems":true,"showVisualEffectGraphs":true,"m_FxEnabled":true},"in2DMode":false,"pivot":{"x":-0.6928510665893555,"y":-0.7190594673156738,"z":1.5640170574188233},"rotation":{"x":0.18702886998653413,"y":-0.6775601506233215,"z":0.18446628749370576,"w":0.6869654655456543},"size":8.199736595153809,"orthographic":false}