{"cameraMode":{"drawMode":0,"name":"Shaded","section":"Shading Mode"},"sceneLighting":true,"audioPlay":false,"sceneViewState":{"m_AlwaysRefresh":false,"showFog":true,"showSkybox":true,"showFlares":true,"showImageEffects":true,"showParticleSystems":true,"showVisualEffectGraphs":true,"m_FxEnabled":true},"in2DMode":false,"pivot":{"x":-2.1612138748168947,"y":-0.8007206916809082,"z":0.15091319382190705},"rotation":{"x":0.18722085654735566,"y":-0.6803634166717529,"z":0.18632785975933076,"w":0.683628261089325},"size":6.197314262390137,"orthographic":false}